TaskID,SourceRegion,AssignedRegion,ArrivalHour,StartHour,FinishHour,Duration_h,GPU_Demand,TaskType,NetworkLatency_ms,RunID,Question,Region,Available_GPU
41926,RegionC,RegionC,2376,2376.0,2379.6833333333334,3.683333333333333,6,RealTimeInference,5.0,base.q1.sched.s20260908,q1,RegionC,540
31600,RegionB,RegionB,2376,2376.0,2381.05,5.05,3,RealTimeInference,5.0,base.q1.sched.s20260908,q1,RegionB,585
49940,RegionB,RegionB,2376,2376.0,2377.55,1.55,6,RealTimeInference,5.0,base.q1.sched.s20260908,q1,RegionB,585
33742,RegionA,RegionA,2376,2376.0,2378.5833333333335,2.5833333333333335,3,RealTimeInference,5.0,base.q1.sched.s20260908,q1,RegionA,630
3498,RegionB,RegionB,2376,2376.0,2377.1833333333334,1.1833333333333333,2,RealTimeInference,5.0,base.q1.sched.s20260908,q1,RegionB,585
17820,RegionC,RegionC,2376,2376.0,2377.25,1.25,1,RealTimeInference,5.0,base.q1.sched.s20260908,q1,RegionC,540
6481,RegionA,RegionA,2377,2377.0,2383.45,6.45,6,RealTimeInference,5.0,base.q1.sched.s20260908,q1,RegionA,630
6423,RegionA,RegionA,2377,2377.0,2381.383333333333,4.383333333333334,7,RealTimeInference,5.0,base.q1.sched.s20260908,q1,RegionA,630
4316,RegionA,RegionA,2377,2377.0,2381.366666666667,4.366666666666666,5,RealTimeInference,5.0,base.q1.sched.s20260908,q1,RegionA,630
45743,RegionB,RegionB,2377,2377.0,2383.5333333333333,6.533333333333333,2,RealTimeInference,5.0,base.q1.sched.s20260908,q1,RegionB,585
22636,RegionF,RegionF,2377,2377.0,2381.1666666666665,4.166666666666667,2,RealTimeInference,5.0,base.q1.sched.s20260908,q1,RegionF,966
47993,RegionC,RegionC,2377,2377.0,2378.4666666666667,1.4666666666666666,4,RealTimeInference,5.0,base.q1.sched.s20260908,q1,RegionC,540
20965,RegionA,RegionA,2377,2377.0,2379.633333333333,2.6333333333333333,2,RealTimeInference,5.0,base.q1.sched.s20260908,q1,RegionA,630
29589,RegionE,RegionE,2377,2377.0,2378.016666666667,1.0166666666666666,5,RealTimeInference,5.0,base.q1.sched.s20260908,q1,RegionE,1012
49049,RegionB,RegionB,2377,2377.0,2378.633333333333,1.6333333333333333,3,RealTimeInference,5.0,base.q1.sched.s20260908,q1,RegionB,585
44279,RegionB,RegionB,2377,2377.0,2379.85,2.85,1,RealTimeInference,5.0,base.q1.sched.s20260908,q1,RegionB,585
3444,RegionA,RegionA,2378,2378.0,2379.7166666666667,1.7166666666666666,7,RealTimeInference,5.0,base.q1.sched.s20260908,q1,RegionA,630
24568,RegionB,RegionB,2378,2378.0,2380.4166666666665,2.4166666666666665,4,RealTimeInference,5.0,base.q1.sched.s20260908,q1,RegionB,585
25839,RegionA,RegionA,2378,2378.0,2383.483333333333,5.483333333333333,1,RealTimeInference,5.0,base.q1.sched.s20260908,q1,RegionA,630
2508,RegionB,RegionB,2378,2378.0,2382.65,4.65,1,RealTimeInference,5.0,base.q1.sched.s20260908,q1,RegionB,585
235,RegionE,RegionE,2378,2378.0,2378.4666666666667,0.4666666666666667,2,RealTimeInference,5.0,base.q1.sched.s20260908,q1,RegionE,1012
23424,RegionA,RegionA,2379,2379.0,2385.616666666667,6.616666666666666,5,RealTimeInference,5.0,base.q1.sched.s20260908,q1,RegionA,630
30238,RegionD,RegionD,2379,2379.0,2383.85,4.85,6,RealTimeInference,5.0,base.q1.sched.s20260908,q1,RegionD,1472
30708,RegionB,RegionB,2379,2379.0,2385.4,6.4,1,RealTimeInference,5.0,base.q1.sched.s20260908,q1,RegionB,585
29758,RegionC,RegionC,2380,2380.0,2386.15,6.15,7,RealTimeInference,5.0,base.q1.sched.s20260908,q1,RegionC,540
24714,RegionC,RegionC,2380,2380.0,2385.4166666666665,5.416666666666667,5,RealTimeInference,5.0,base.q1.sched.s20260908,q1,RegionC,540
46876,RegionB,RegionB,2380,2380.0,2382.85,2.85,3,RealTimeInference,5.0,base.q1.sched.s20260908,q1,RegionB,585
28667,RegionB,RegionB,2380,2380.0,2381.2,1.2,6,RealTimeInference,5.0,base.q1.sched.s20260908,q1,RegionB,585
43240,RegionA,RegionA,2381,2381.0,2387.5833333333335,6.583333333333333,7,RealTimeInference,5.0,base.q1.sched.s20260908,q1,RegionA,630
35202,RegionC,RegionC,2381,2381.0,2383.9333333333334,2.933333333333333,5,RealTimeInference,5.0,base.q1.sched.s20260908,q1,RegionC,540
41513,RegionC,RegionC,2381,2381.0,2383.383333333333,2.3833333333333333,6,RealTimeInference,5.0,base.q1.sched.s20260908,q1,RegionC,540
9585,RegionB,RegionB,2381,2381.0,2383.0333333333333,2.033333333333333,7,RealTimeInference,5.0,base.q1.sched.s20260908,q1,RegionB,585
39748,RegionC,RegionC,2381,2381.0,2384.35,3.35,1,RealTimeInference,5.0,base.q1.sched.s20260908,q1,RegionC,540
29651,RegionB,RegionB,2382,2382.0,2386.733333333333,4.733333333333333,7,RealTimeInference,5.0,base.q1.sched.s20260908,q1,RegionB,585
13505,RegionE,RegionE,2382,2382.0,2386.2833333333333,4.283333333333333,6,RealTimeInference,5.0,base.q1.sched.s20260908,q1,RegionE,1012
4590,RegionC,RegionC,2382,2382.0,2385.45,3.45,5,RealTimeInference,5.0,base.q1.sched.s20260908,q1,RegionC,540
11877,RegionC,RegionC,2382,2382.0,2383.383333333333,1.3833333333333333,7,RealTimeInference,5.0,base.q1.sched.s20260908,q1,RegionC,540
3948,RegionF,RegionF,2382,2382.0,2387.5,5.5,1,RealTimeInference,5.0,base.q1.sched.s20260908,q1,RegionF,966
7542,RegionD,RegionD,2382,2382.0,2382.6833333333334,0.6833333333333333,7,RealTimeInference,5.0,base.q1.sched.s20260908,q1,RegionD,1472
42642,RegionC,RegionC,2382,2382.0,2385.5,3.5,1,RealTimeInference,5.0,base.q1.sched.s20260908,q1,RegionC,540
15185,RegionA,RegionA,2382,2382.0,2382.883333333333,0.8833333333333333,1,RealTimeInference,5.0,base.q1.sched.s20260908,q1,RegionA,630
35298,RegionA,RegionA,2383,2383.0,2387.3166666666666,4.316666666666666,6,RealTimeInference,5.0,base.q1.sched.s20260908,q1,RegionA,630
41298,RegionA,RegionA,2383,2383.0,2388.35,5.35,4,RealTimeInference,5.0,base.q1.sched.s20260908,q1,RegionA,630
45879,RegionB,RegionB,2383,2383.0,2387.383333333333,4.383333333333334,3,RealTimeInference,5.0,base.q1.sched.s20260908,q1,RegionB,585
21103,RegionA,RegionA,2383,2383.0,2384.8,1.8,7,RealTimeInference,5.0,base.q1.sched.s20260908,q1,RegionA,630
43047,RegionB,RegionB,2383,2383.0,2385.0333333333333,2.033333333333333,5,RealTimeInference,5.0,base.q1.sched.s20260908,q1,RegionB,585
45061,RegionC,RegionC,2383,2383.0,2387.2,4.2,2,RealTimeInference,5.0,base.q1.sched.s20260908,q1,RegionC,540
13331,RegionB,RegionB,2383,2383.0,2383.8166666666666,0.8166666666666667,1,RealTimeInference,5.0,base.q1.sched.s20260908,q1,RegionB,585
47997,RegionA,RegionA,2384,2384.0,2388.0666666666666,4.066666666666666,6,RealTimeInference,5.0,base.q1.sched.s20260908,q1,RegionA,630
11360,RegionE,RegionE,2384,2384.0,2390.5666666666666,6.566666666666666,3,RealTimeInference,5.0,base.q1.sched.s20260908,q1,RegionE,1012
16950,RegionA,RegionA,2384,2384.0,2386.5333333333333,2.533333333333333,6,RealTimeInference,5.0,base.q1.sched.s20260908,q1,RegionA,630
32107,RegionC,RegionC,2384,2384.0,2387.0833333333335,3.0833333333333335,3,RealTimeInference,5.0,base.q1.sched.s20260908,q1,RegionC,540
26569,RegionB,RegionB,2384,2384.0,2385.1,1.1,5,RealTimeInference,5.0,base.q1.sched.s20260908,q1,RegionB,585
22890,RegionC,RegionC,2384,2384.0,2385.8,1.8,3,RealTimeInference,5.0,base.q1.sched.s20260908,q1,RegionC,540
26779,RegionB,RegionB,2384,2384.0,2385.75,1.75,2,RealTimeInference,5.0,base.q1.sched.s20260908,q1,RegionB,585
24748,RegionE,RegionE,2384,2384.0,2387.116666666667,3.1166666666666667,1,RealTimeInference,5.0,base.q1.sched.s20260908,q1,RegionE,1012
36634,RegionF,RegionF,2385,2385.0,2390.0833333333335,5.083333333333333,7,RealTimeInference,5.0,base.q1.sched.s20260908,q1,RegionF,966
14669,RegionB,RegionB,2385,2385.0,2389.616666666667,4.616666666666666,6,RealTimeInference,5.0,base.q1.sched.s20260908,q1,RegionB,585
23890,RegionA,RegionA,2385,2385.0,2389.7833333333333,4.783333333333333,5,RealTimeInference,5.0,base.q1.sched.s20260908,q1,RegionA,630
25467,RegionB,RegionB,2385,2385.0,2387.866666666667,2.8666666666666667,6,RealTimeInference,5.0,base.q1.sched.s20260908,q1,RegionB,585
9936,RegionC,RegionC,2385,2385.0,2386.516666666667,1.5166666666666666,5,RealTimeInference,5.0,base.q1.sched.s20260908,q1,RegionC,540
40554,RegionB,RegionB,2386,2386.0,2392.2,6.2,5,RealTimeInference,5.0,base.q1.sched.s20260908,q1,RegionB,585
32465,RegionB,RegionB,2386,2386.0,2388.4,2.4,6,RealTimeInference,5.0,base.q1.sched.s20260908,q1,RegionB,585
19264,RegionD,RegionD,2386,2386.0,2389.3333333333335,3.3333333333333335,4,RealTimeInference,5.0,base.q1.sched.s20260908,q1,RegionD,1472
40594,RegionC,RegionC,2386,2386.0,2392.0833333333335,6.083333333333333,2,RealTimeInference,5.0,base.q1.sched.s20260908,q1,RegionC,540
48007,RegionC,RegionC,2386,2386.0,2390.266666666667,4.266666666666667,2,RealTimeInference,5.0,base.q1.sched.s20260908,q1,RegionC,540
29239,RegionB,RegionB,2386,2386.0,2390.016666666667,4.016666666666667,2,RealTimeInference,5.0,base.q1.sched.s20260908,q1,RegionB,585
8353,RegionB,RegionB,2386,2386.0,2387.25,1.25,5,RealTimeInference,5.0,base.q1.sched.s20260908,q1,RegionB,585
48396,RegionA,RegionA,2386,2386.0,2388.6833333333334,2.683333333333333,2,RealTimeInference,5.0,base.q1.sched.s20260908,q1,RegionA,630
19693,RegionA,RegionA,2386,2386.0,2387.2,1.2,4,RealTimeInference,5.0,base.q1.sched.s20260908,q1,RegionA,630
3455,RegionC,RegionC,2386,2386.0,2388.866666666667,2.8666666666666667,1,RealTimeInference,5.0,base.q1.sched.s20260908,q1,RegionC,540
35544,RegionC,RegionC,2387,2387.0,2390.4333333333334,3.433333333333333,7,RealTimeInference,5.0,base.q1.sched.s20260908,q1,RegionC,540
23146,RegionC,RegionC,2387,2387.0,2392.55,5.55,3,RealTimeInference,5.0,base.q1.sched.s20260908,q1,RegionC,540
28952,RegionC,RegionC,2387,2387.0,2389.05,2.05,7,RealTimeInference,5.0,base.q1.sched.s20260908,q1,RegionC,540
21428,RegionC,RegionC,2387,2387.0,2389.366666666667,2.3666666666666667,5,RealTimeInference,5.0,base.q1.sched.s20260908,q1,RegionC,540
23708,RegionB,RegionB,2387,2387.0,2388.6666666666665,1.6666666666666667,7,RealTimeInference,5.0,base.q1.sched.s20260908,q1,RegionB,585
29773,RegionA,RegionA,2387,2387.0,2388.7833333333333,1.7833333333333334,6,RealTimeInference,5.0,base.q1.sched.s20260908,q1,RegionA,630
25000,RegionB,RegionB,2387,2387.0,2388.65,1.65,6,RealTimeInference,5.0,base.q1.sched.s20260908,q1,RegionB,585
36735,RegionB,RegionB,2387,2387.0,2391.5666666666666,4.566666666666666,2,RealTimeInference,5.0,base.q1.sched.s20260908,q1,RegionB,585
9168,RegionC,RegionC,2387,2387.0,2389.35,2.35,3,RealTimeInference,5.0,base.q1.sched.s20260908,q1,RegionC,540
32719,RegionA,RegionA,2387,2387.0,2388.8166666666666,1.8166666666666667,3,RealTimeInference,5.0,base.q1.sched.s20260908,q1,RegionA,630
12025,RegionA,RegionA,2387,2387.0,2387.65,0.65,2,RealTimeInference,5.0,base.q1.sched.s20260908,q1,RegionA,630
27636,RegionA,RegionA,2388,2388.0,2392.233333333333,4.233333333333333,7,RealTimeInference,5.0,base.q1.sched.s20260908,q1,RegionA,630
28692,RegionA,RegionA,2388,2388.0,2392.3,4.3,3,RealTimeInference,5.0,base.q1.sched.s20260908,q1,RegionA,630
36175,RegionA,RegionA,2388,2388.0,2389.4,1.4,5,RealTimeInference,5.0,base.q1.sched.s20260908,q1,RegionA,630
43032,RegionB,RegionB,2388,2388.0,2390.2833333333333,2.283333333333333,1,RealTimeInference,5.0,base.q1.sched.s20260908,q1,RegionB,585
6232,RegionA,RegionA,2389,2389.0,2395.0,6.0,5,RealTimeInference,5.0,base.q1.sched.s20260908,q1,RegionA,630
10407,RegionC,RegionC,2389,2389.0,2391.366666666667,2.3666666666666667,7,RealTimeInference,5.0,base.q1.sched.s20260908,q1,RegionC,540
48004,RegionA,RegionA,2389,2389.0,2389.8333333333335,0.8333333333333334,6,RealTimeInference,5.0,base.q1.sched.s20260908,q1,RegionA,630
1096,RegionA,RegionA,2389,2389.0,2393.8333333333335,4.833333333333333,1,RealTimeInference,5.0,base.q1.sched.s20260908,q1,RegionA,630
32162,RegionA,RegionA,2389,2389.0,2390.9166666666665,1.9166666666666667,2,RealTimeInference,5.0,base.q1.sched.s20260908,q1,RegionA,630
34531,RegionB,RegionB,2390,2390.0,2395.766666666667,5.766666666666667,7,RealTimeInference,5.0,base.q1.sched.s20260908,q1,RegionB,585
4354,RegionC,RegionC,2390,2390.0,2395.95,5.95,4,RealTimeInference,5.0,base.q1.sched.s20260908,q1,RegionC,540
37033,RegionC,RegionC,2390,2390.0,2394.883333333333,4.883333333333334,3,RealTimeInference,5.0,base.q1.sched.s20260908,q1,RegionC,540
21242,RegionB,RegionB,2390,2390.0,2391.1,1.1,1,RealTimeInference,5.0,base.q1.sched.s20260908,q1,RegionB,585
25215,RegionA,RegionA,2391,2391.0,2394.4333333333334,3.433333333333333,5,RealTimeInference,5.0,base.q1.sched.s20260908,q1,RegionA,630
35181,RegionB,RegionB,2391,2391.0,2395.2,4.2,4,RealTimeInference,5.0,base.q1.sched.s20260908,q1,RegionB,585
35783,RegionA,RegionA,2391,2391.0,2395.616666666667,4.616666666666666,3,RealTimeInference,5.0,base.q1.sched.s20260908,q1,RegionA,630
4943,RegionC,RegionC,2391,2391.0,2394.0,3.0,4,RealTimeInference,5.0,base.q1.sched.s20260908,q1,RegionC,540
45363,RegionC,RegionC,2391,2391.0,2396.0833333333335,5.083333333333333,2,RealTimeInference,5.0,base.q1.sched.s20260908,q1,RegionC,540
14305,RegionD,RegionD,2391,2391.0,2395.6666666666665,4.666666666666667,2,RealTimeInference,5.0,base.q1.sched.s20260908,q1,RegionD,1472
18687,RegionE,RegionE,2391,2391.0,2392.45,1.45,5,RealTimeInference,5.0,base.q1.sched.s20260908,q1,RegionE,1012
39380,RegionB,RegionB,2391,2391.0,2391.733333333333,0.7333333333333333,3,RealTimeInference,5.0,base.q1.sched.s20260908,q1,RegionB,585
49684,RegionB,RegionB,2391,2391.0,2392.75,1.75,1,RealTimeInference,5.0,base.q1.sched.s20260908,q1,RegionB,585
22706,RegionC,RegionC,2391,2391.0,2391.75,0.75,2,RealTimeInference,5.0,base.q1.sched.s20260908,q1,RegionC,540
21792,RegionA,RegionA,2392,2392.0,2397.266666666667,5.266666666666667,4,RealTimeInference,5.0,base.q1.sched.s20260908,q1,RegionA,630
44811,RegionB,RegionB,2392,2392.0,2397.5666666666666,5.566666666666666,2,RealTimeInference,5.0,base.q1.sched.s20260908,q1,RegionB,585
23364,RegionE,RegionE,2392,2392.0,2393.9166666666665,1.9166666666666667,5,RealTimeInference,5.0,base.q1.sched.s20260908,q1,RegionE,1012
2412,RegionC,RegionC,2392,2392.0,2396.266666666667,4.266666666666667,2,RealTimeInference,5.0,base.q1.sched.s20260908,q1,RegionC,540
32917,RegionA,RegionA,2392,2392.0,2394.883333333333,2.8833333333333333,2,RealTimeInference,5.0,base.q1.sched.s20260908,q1,RegionA,630
16024,RegionF,RegionF,2392,2392.0,2395.35,3.35,1,RealTimeInference,5.0,base.q1.sched.s20260908,q1,RegionF,966
6235,RegionB,RegionB,2392,2392.0,2393.733333333333,1.7333333333333334,1,RealTimeInference,5.0,base.q1.sched.s20260908,q1,RegionB,585
5663,RegionB,RegionB,2393,2393.0,2397.25,4.25,6,RealTimeInference,5.0,base.q1.sched.s20260908,q1,RegionB,585
45529,RegionA,RegionA,2393,2393.0,2399.1,6.1,4,RealTimeInference,5.0,base.q1.sched.s20260908,q1,RegionA,630
44602,RegionC,RegionC,2393,2393.0,2398.6666666666665,5.666666666666667,4,RealTimeInference,5.0,base.q1.sched.s20260908,q1,RegionC,540
31748,RegionA,RegionA,2393,2393.0,2398.5333333333333,5.533333333333333,4,RealTimeInference,5.0,base.q1.sched.s20260908,q1,RegionA,630
38021,RegionB,RegionB,2393,2393.0,2396.5333333333333,3.533333333333333,6,RealTimeInference,5.0,base.q1.sched.s20260908,q1,RegionB,585
27485,RegionA,RegionA,2393,2393.0,2395.4333333333334,2.433333333333333,5,RealTimeInference,5.0,base.q1.sched.s20260908,q1,RegionA,630
7484,RegionA,RegionA,2393,2393.0,2396.95,3.95,3,RealTimeInference,5.0,base.q1.sched.s20260908,q1,RegionA,630
21897,RegionA,RegionA,2393,2393.0,2394.5333333333333,1.5333333333333334,3,RealTimeInference,5.0,base.q1.sched.s20260908,q1,RegionA,630
23544,RegionB,RegionB,2393,2393.0,2395.25,2.25,1,RealTimeInference,5.0,base.q1.sched.s20260908,q1,RegionB,585
42258,RegionB,RegionB,2394,2394.0,2396.733333333333,2.7333333333333334,6,RealTimeInference,5.0,base.q1.sched.s20260908,q1,RegionB,585
34439,RegionA,RegionA,2394,2394.0,2399.0666666666666,5.066666666666666,2,RealTimeInference,5.0,base.q1.sched.s20260908,q1,RegionA,630
16041,RegionB,RegionB,2394,2394.0,2394.9166666666665,0.9166666666666666,5,RealTimeInference,5.0,base.q1.sched.s20260908,q1,RegionB,585
12444,RegionA,RegionA,2394,2394.0,2398.483333333333,4.483333333333333,1,RealTimeInference,5.0,base.q1.sched.s20260908,q1,RegionA,630
13174,RegionB,RegionB,2394,2394.0,2394.1666666666665,0.16666666666666666,6,RealTimeInference,5.0,base.q1.sched.s20260908,q1,RegionB,585
1843,RegionA,RegionA,2394,2394.0,2394.8166666666666,0.8166666666666667,1,RealTimeInference,5.0,base.q1.sched.s20260908,q1,RegionA,630
12481,RegionC,RegionC,2395,2395.0,2397.9166666666665,2.9166666666666665,5,RealTimeInference,5.0,base.q1.sched.s20260908,q1,RegionC,540
49617,RegionA,RegionA,2395,2395.0,2399.266666666667,4.266666666666667,3,RealTimeInference,5.0,base.q1.sched.s20260908,q1,RegionA,630
47260,RegionD,RegionD,2395,2395.0,2398.483333333333,3.4833333333333334,3,RealTimeInference,5.0,base.q1.sched.s20260908,q1,RegionD,1472
41247,RegionA,RegionA,2395,2395.0,2397.0666666666666,2.066666666666667,3,RealTimeInference,5.0,base.q1.sched.s20260908,q1,RegionA,630
13251,RegionA,RegionA,2395,2395.0,2395.7833333333333,0.7833333333333333,6,RealTimeInference,5.0,base.q1.sched.s20260908,q1,RegionA,630
40599,RegionB,RegionB,2395,2395.0,2395.8333333333335,0.8333333333333334,4,RealTimeInference,5.0,base.q1.sched.s20260908,q1,RegionB,585
23682,RegionB,RegionB,2396,2396.0,2400.616666666667,4.616666666666666,7,RealTimeInference,5.0,base.q1.sched.s20260908,q1,RegionB,585
26836,RegionA,RegionA,2396,2396.0,2400.5333333333333,4.533333333333333,7,RealTimeInference,5.0,base.q1.sched.s20260908,q1,RegionA,630
15175,RegionB,RegionB,2396,2396.0,2398.9166666666665,2.9166666666666665,6,RealTimeInference,5.0,base.q1.sched.s20260908,q1,RegionB,585
18394,RegionA,RegionA,2396,2396.0,2401.4333333333334,5.433333333333334,3,RealTimeInference,5.0,base.q1.sched.s20260908,q1,RegionA,630
49227,RegionC,RegionC,2396,2396.0,2401.25,5.25,3,RealTimeInference,5.0,base.q1.sched.s20260908,q1,RegionC,540
40341,RegionA,RegionA,2396,2396.0,2402.4333333333334,6.433333333333334,2,RealTimeInference,5.0,base.q1.sched.s20260908,q1,RegionA,630
28656,RegionC,RegionC,2396,2396.0,2397.3333333333335,1.3333333333333333,4,RealTimeInference,5.0,base.q1.sched.s20260908,q1,RegionC,540
5138,RegionB,RegionB,2396,2396.0,2401.266666666667,5.266666666666667,1,RealTimeInference,5.0,base.q1.sched.s20260908,q1,RegionB,585
38774,RegionA,RegionA,2396,2396.0,2396.55,0.55,4,RealTimeInference,5.0,base.q1.sched.s20260908,q1,RegionA,630
7165,RegionB,RegionB,2397,2397.0,2401.633333333333,4.633333333333334,5,RealTimeInference,5.0,base.q1.sched.s20260908,q1,RegionB,585
42220,RegionB,RegionB,2397,2397.0,2397.266666666667,0.26666666666666666,2,RealTimeInference,5.0,base.q1.sched.s20260908,q1,RegionB,585
19172,RegionC,RegionC,2398,2398.0,2401.3166666666666,3.316666666666667,6,RealTimeInference,5.0,base.q1.sched.s20260908,q1,RegionC,540
30610,RegionB,RegionB,2398,2398.0,2400.6833333333334,2.683333333333333,7,RealTimeInference,5.0,base.q1.sched.s20260908,q1,RegionB,585
5272,RegionC,RegionC,2398,2398.0,2402.35,4.35,4,RealTimeInference,5.0,base.q1.sched.s20260908,q1,RegionC,540
13381,RegionA,RegionA,2398,2398.0,2400.0833333333335,2.0833333333333335,6,RealTimeInference,5.0,base.q1.sched.s20260908,q1,RegionA,630
4886,RegionF,RegionF,2398,2398.0,2401.3333333333335,3.3333333333333335,3,RealTimeInference,5.0,base.q1.sched.s20260908,q1,RegionF,966
8972,RegionD,RegionD,2398,2398.0,2402.1,4.1,2,RealTimeInference,5.0,base.q1.sched.s20260908,q1,RegionD,1472
7530,RegionA,RegionA,2398,2398.0,2399.1666666666665,1.1666666666666667,5,RealTimeInference,5.0,base.q1.sched.s20260908,q1,RegionA,630
40375,RegionA,RegionA,2398,2398.0,2399.3333333333335,1.3333333333333333,4,RealTimeInference,5.0,base.q1.sched.s20260908,q1,RegionA,630
17052,RegionC,RegionC,2398,2398.0,2398.55,0.55,2,RealTimeInference,5.0,base.q1.sched.s20260908,q1,RegionC,540
22360,RegionD,RegionD,2398,2398.0,2398.1833333333334,0.18333333333333332,6,RealTimeInference,5.0,base.q1.sched.s20260908,q1,RegionD,1472
39788,RegionC,RegionC,2399,2399.0,2403.383333333333,4.383333333333334,7,RealTimeInference,5.0,base.q1.sched.s20260908,q1,RegionC,540
41451,RegionA,RegionA,2399,2399.0,2405.6,6.6,4,RealTimeInference,5.0,base.q1.sched.s20260908,q1,RegionA,630
7890,RegionE,RegionE,2399,2399.0,2403.4166666666665,4.416666666666667,4,RealTimeInference,5.0,base.q1.sched.s20260908,q1,RegionE,1012
9621,RegionC,RegionC,2399,2399.0,2400.3333333333335,1.3333333333333333,6,RealTimeInference,5.0,base.q1.sched.s20260908,q1,RegionC,540
21400,RegionB,RegionB,2399,2399.0,2400.6833333333334,1.6833333333333333,1,RealTimeInference,5.0,base.q1.sched.s20260908,q1,RegionB,585
16844,RegionF,RegionF,2399,2399.0,2399.85,0.85,1,RealTimeInference,5.0,base.q1.sched.s20260908,q1,RegionF,966
26377,RegionB,RegionB,2376,2376.0,2382.4333333333334,6.433333333333334,17,BatchInference,5.0,base.q1.sched.s20260908,q1,RegionB,585
29779,RegionF,RegionF,2376,2376.0,2381.6,5.6,17,BatchInference,5.0,base.q1.sched.s20260908,q1,RegionF,966
7403,RegionD,RegionD,2376,2376.0,2382.233333333333,6.233333333333333,10,BatchInference,5.0,base.q1.sched.s20260908,q1,RegionD,1472
33422,RegionB,RegionB,2376,2376.0,2382.1833333333334,6.183333333333334,9,BatchInference,5.0,base.q1.sched.s20260908,q1,RegionB,585
14647,RegionA,RegionA,2376,2376.0,2377.233333333333,1.2333333333333334,11,BatchInference,5.0,base.q1.sched.s20260908,q1,RegionA,630
18201,RegionE,RegionE,2376,2376.0,2376.6666666666665,0.6666666666666666,16,BatchInference,5.0,base.q1.sched.s20260908,q1,RegionE,1012
7902,RegionE,RegionE,2376,2376.0,2376.4333333333334,0.43333333333333335,11,BatchInference,5.0,base.q1.sched.s20260908,q1,RegionE,1012
9267,RegionE,RegionE,2376,2376.0,2376.366666666667,0.36666666666666664,7,BatchInference,5.0,base.q1.sched.s20260908,q1,RegionE,1012
29785,RegionE,RegionE,2377,2377.0,2382.5333333333333,5.533333333333333,17,BatchInference,5.0,base.q1.sched.s20260908,q1,RegionE,1012
25757,RegionE,RegionE,2377,2377.0,2382.366666666667,5.366666666666666,17,BatchInference,5.0,base.q1.sched.s20260908,q1,RegionE,1012
22926,RegionA,RegionA,2377,2377.0,2380.4666666666667,3.466666666666667,19,BatchInference,5.0,base.q1.sched.s20260908,q1,RegionA,630
35013,RegionE,RegionE,2377,2377.0,2382.766666666667,5.766666666666667,9,BatchInference,5.0,base.q1.sched.s20260908,q1,RegionE,1012
26783,RegionA,RegionA,2377,2377.0,2379.3,2.3,16,BatchInference,5.0,base.q1.sched.s20260908,q1,RegionA,630
39791,RegionB,RegionB,2377,2377.0,2381.7833333333333,4.783333333333333,4,BatchInference,5.0,base.q1.sched.s20260908,q1,RegionB,585
36594,RegionE,RegionE,2377,2377.0,2378.516666666667,1.5166666666666666,12,BatchInference,5.0,base.q1.sched.s20260908,q1,RegionE,1012
37236,RegionE,RegionE,2378,2378.0,2382.8,4.8,21,BatchInference,5.0,base.q1.sched.s20260908,q1,RegionE,1012
18427,RegionB,RegionB,2378,2378.0,2382.45,4.45,18,BatchInference,5.0,base.q1.sched.s20260908,q1,RegionB,585
45584,RegionC,RegionC,2378,2378.0,2380.6833333333334,2.683333333333333,21,BatchInference,5.0,base.q1.sched.s20260908,q1,RegionC,540
27016,RegionD,RegionD,2378,2378.0,2379.1833333333334,1.1833333333333333,23,BatchInference,5.0,base.q1.sched.s20260908,q1,RegionD,1472
19684,RegionF,RegionF,2378,2378.0,2380.016666666667,2.0166666666666666,9,BatchInference,5.0,base.q1.sched.s20260908,q1,RegionF,966
33839,RegionE,RegionE,2378,2378.0,2378.55,0.55,21,BatchInference,5.0,base.q1.sched.s20260908,q1,RegionE,1012
10622,RegionC,RegionC,2379,2379.0,2384.5666666666666,5.566666666666666,23,BatchInference,5.0,base.q1.sched.s20260908,q1,RegionC,540
11216,RegionA,RegionA,2379,2379.0,2384.116666666667,5.116666666666666,20,BatchInference,5.0,base.q1.sched.s20260908,q1,RegionA,630
37078,RegionD,RegionD,2379,2379.0,2383.5833333333335,4.583333333333333,14,BatchInference,5.0,base.q1.sched.s20260908,q1,RegionD,1472
2763,RegionB,RegionB,2379,2379.0,2382.75,3.75,15,BatchInference,5.0,base.q1.sched.s20260908,q1,RegionB,585
14405,RegionA,RegionA,2379,2379.0,2381.5833333333335,2.5833333333333335,18,BatchInference,5.0,base.q1.sched.s20260908,q1,RegionA,630
33741,RegionF,RegionF,2379,2379.0,2383.3,4.3,9,BatchInference,5.0,base.q1.sched.s20260908,q1,RegionF,966
31331,RegionC,RegionC,2379,2379.0,2380.4166666666665,1.4166666666666667,5,BatchInference,5.0,base.q1.sched.s20260908,q1,RegionC,540
47613,RegionD,RegionD,2380,2380.0,2385.3333333333335,5.333333333333333,22,BatchInference,5.0,base.q1.sched.s20260908,q1,RegionD,1472
17466,RegionE,RegionE,2380,2380.0,2383.85,3.85,20,BatchInference,5.0,base.q1.sched.s20260908,q1,RegionE,1012
43668,RegionB,RegionB,2380,2380.0,2382.8333333333335,2.8333333333333335,19,BatchInference,5.0,base.q1.sched.s20260908,q1,RegionB,585
11383,RegionC,RegionC,2380,2380.0,2381.85,1.85,22,BatchInference,5.0,base.q1.sched.s20260908,q1,RegionC,540
24774,RegionF,RegionF,2380,2380.0,2381.733333333333,1.7333333333333334,16,BatchInference,5.0,base.q1.sched.s20260908,q1,RegionF,966
22462,RegionC,RegionC,2381,2381.0,2383.3,2.3,23,BatchInference,5.0,base.q1.sched.s20260908,q1,RegionC,540
18905,RegionA,RegionA,2381,2381.0,2385.1833333333334,4.183333333333334,12,BatchInference,5.0,base.q1.sched.s20260908,q1,RegionA,630
34989,RegionA,RegionA,2381,2381.0,2384.366666666667,3.3666666666666667,13,BatchInference,5.0,base.q1.sched.s20260908,q1,RegionA,630
35507,RegionA,RegionA,2381,2381.0,2382.8,1.8,18,BatchInference,5.0,base.q1.sched.s20260908,q1,RegionA,630
35450,RegionC,RegionC,2381,2381.0,2383.016666666667,2.0166666666666666,14,BatchInference,5.0,base.q1.sched.s20260908,q1,RegionC,540
22871,RegionE,RegionE,2381,2381.0,2384.8166666666666,3.816666666666667,7,BatchInference,5.0,base.q1.sched.s20260908,q1,RegionE,1012
28161,RegionB,RegionB,2381,2381.0,2385.2166666666667,4.216666666666667,4,BatchInference,5.0,base.q1.sched.s20260908,q1,RegionB,585
14772,RegionA,RegionA,2382,2382.0,2387.116666666667,5.116666666666666,12,BatchInference,5.0,base.q1.sched.s20260908,q1,RegionA,630
11993,RegionC,RegionC,2382,2382.0,2385.9333333333334,3.933333333333333,15,BatchInference,5.0,base.q1.sched.s20260908,q1,RegionC,540
19440,RegionE,RegionE,2382,2382.0,2384.0666666666666,2.066666666666667,23,BatchInference,5.0,base.q1.sched.s20260908,q1,RegionE,1012
49336,RegionB,RegionB,2382,2382.0,2387.4166666666665,5.416666666666667,8,BatchInference,5.0,base.q1.sched.s20260908,q1,RegionB,585
16116,RegionA,RegionA,2382,2382.0,2387.3333333333335,5.333333333333333,7,BatchInference,5.0,base.q1.sched.s20260908,q1,RegionA,630
403,RegionD,RegionD,2382,2382.0,2384.116666666667,2.1166666666666667,13,BatchInference,5.0,base.q1.sched.s20260908,q1,RegionD,1472
36934,RegionD,RegionD,2382,2382.0,2384.866666666667,2.8666666666666667,6,BatchInference,5.0,base.q1.sched.s20260908,q1,RegionD,1472
39924,RegionC,RegionC,2382,2382.0,2384.6,2.6,4,BatchInference,5.0,base.q1.sched.s20260908,q1,RegionC,540
37312,RegionB,RegionB,2383,2383.0,2389.55,6.55,17,BatchInference,5.0,base.q1.sched.s20260908,q1,RegionB,585
40802,RegionB,RegionB,2383,2383.0,2387.25,4.25,16,BatchInference,5.0,base.q1.sched.s20260908,q1,RegionB,585
1664,RegionE,RegionE,2383,2383.0,2385.1833333333334,2.183333333333333,14,BatchInference,5.0,base.q1.sched.s20260908,q1,RegionE,1012
4060,RegionA,RegionA,2383,2383.0,2385.8,2.8,8,BatchInference,5.0,base.q1.sched.s20260908,q1,RegionA,630
34149,RegionA,RegionA,2383,2383.0,2384.6666666666665,1.6666666666666667,13,BatchInference,5.0,base.q1.sched.s20260908,q1,RegionA,630
24641,RegionD,RegionD,2383,2383.0,2384.4,1.4,12,BatchInference,5.0,base.q1.sched.s20260908,q1,RegionD,1472
37918,RegionD,RegionD,2383,2383.0,2385.366666666667,2.3666666666666667,5,BatchInference,5.0,base.q1.sched.s20260908,q1,RegionD,1472
12791,RegionA,RegionA,2383,2383.0,2383.866666666667,0.8666666666666667,4,BatchInference,5.0,base.q1.sched.s20260908,q1,RegionA,630
29402,RegionC,RegionC,2384,2384.0,2387.133333333333,3.1333333333333333,17,BatchInference,5.0,base.q1.sched.s20260908,q1,RegionC,540
37688,RegionD,RegionD,2384,2384.0,2387.766666666667,3.7666666666666666,6,BatchInference,5.0,base.q1.sched.s20260908,q1,RegionD,1472
33478,RegionE,RegionE,2384,2384.0,2386.6,2.6,6,BatchInference,5.0,base.q1.sched.s20260908,q1,RegionE,1012
45742,RegionC,RegionC,2385,2385.0,2391.366666666667,6.366666666666666,20,BatchInference,5.0,base.q1.sched.s20260908,q1,RegionC,540
46875,RegionB,RegionB,2385,2385.0,2391.1666666666665,6.166666666666667,18,BatchInference,5.0,base.q1.sched.s20260908,q1,RegionB,585
34369,RegionD,RegionD,2385,2385.0,2389.9666666666667,4.966666666666667,18,BatchInference,5.0,base.q1.sched.s20260908,q1,RegionD,1472
1234,RegionB,RegionB,2385,2385.0,2390.5666666666666,5.566666666666666,9,BatchInference,5.0,base.q1.sched.s20260908,q1,RegionB,585
31955,RegionD,RegionD,2385,2385.0,2387.7833333333333,2.783333333333333,16,BatchInference,5.0,base.q1.sched.s20260908,q1,RegionD,1472
41891,RegionC,RegionC,2385,2385.0,2387.65,2.65,15,BatchInference,5.0,base.q1.sched.s20260908,q1,RegionC,540
205,RegionB,RegionB,2385,2385.0,2389.9166666666665,4.916666666666667,6,BatchInference,5.0,base.q1.sched.s20260908,q1,RegionB,585
11834,RegionB,RegionB,2386,2386.0,2391.866666666667,5.866666666666666,19,BatchInference,5.0,base.q1.sched.s20260908,q1,RegionB,585
39597,RegionD,RegionD,2386,2386.0,2391.5833333333335,5.583333333333333,17,BatchInference,5.0,base.q1.sched.s20260908,q1,RegionD,1472
14622,RegionB,RegionB,2386,2386.0,2389.6666666666665,3.6666666666666665,23,BatchInference,5.0,base.q1.sched.s20260908,q1,RegionB,585
23667,RegionA,RegionA,2386,2386.0,2391.2166666666667,5.216666666666667,15,BatchInference,5.0,base.q1.sched.s20260908,q1,RegionA,630
26788,RegionF,RegionF,2386,2386.0,2391.2833333333333,5.283333333333333,12,BatchInference,5.0,base.q1.sched.s20260908,q1,RegionF,966
43953,RegionE,RegionE,2386,2386.0,2388.7,2.7,17,BatchInference,5.0,base.q1.sched.s20260908,q1,RegionE,1012
20632,RegionC,RegionC,2386,2386.0,2389.0666666666666,3.066666666666667,14,BatchInference,5.0,base.q1.sched.s20260908,q1,RegionC,540
33785,RegionD,RegionD,2386,2386.0,2387.866666666667,1.8666666666666667,20,BatchInference,5.0,base.q1.sched.s20260908,q1,RegionD,1472
18869,RegionD,RegionD,2386,2386.0,2390.4333333333334,4.433333333333334,7,BatchInference,5.0,base.q1.sched.s20260908,q1,RegionD,1472
24949,RegionD,RegionD,2386,2386.0,2387.016666666667,1.0166666666666666,16,BatchInference,5.0,base.q1.sched.s20260908,q1,RegionD,1472
33605,RegionB,RegionB,2386,2386.0,2387.5666666666666,1.5666666666666667,9,BatchInference,5.0,base.q1.sched.s20260908,q1,RegionB,585
33589,RegionE,RegionE,2387,2387.0,2391.7833333333333,4.783333333333333,22,BatchInference,5.0,base.q1.sched.s20260908,q1,RegionE,1012
31953,RegionB,RegionB,2387,2387.0,2392.15,5.15,19,BatchInference,5.0,base.q1.sched.s20260908,q1,RegionB,585
3113,RegionD,RegionD,2387,2387.0,2393.233333333333,6.233333333333333,15,BatchInference,5.0,base.q1.sched.s20260908,q1,RegionD,1472
9850,RegionE,RegionE,2387,2387.0,2392.733333333333,5.733333333333333,13,BatchInference,5.0,base.q1.sched.s20260908,q1,RegionE,1012
33356,RegionB,RegionB,2387,2387.0,2390.366666666667,3.3666666666666667,14,BatchInference,5.0,base.q1.sched.s20260908,q1,RegionB,585
29306,RegionE,RegionE,2387,2387.0,2387.6,0.6,20,BatchInference,5.0,base.q1.sched.s20260908,q1,RegionE,1012
28165,RegionE,RegionE,2387,2387.0,2387.4166666666665,0.4166666666666667,13,BatchInference,5.0,base.q1.sched.s20260908,q1,RegionE,1012
40446,RegionA,RegionA,2387,2387.0,2387.5333333333333,0.5333333333333333,9,BatchInference,5.0,base.q1.sched.s20260908,q1,RegionA,630
2374,RegionA,RegionA,2387,2387.0,2387.65,0.65,7,BatchInference,5.0,base.q1.sched.s20260908,q1,RegionA,630
16274,RegionA,RegionA,2388,2388.0,2394.05,6.05,21,BatchInference,5.0,base.q1.sched.s20260908,q1,RegionA,630
32420,RegionD,RegionD,2388,2388.0,2393.7166666666667,5.716666666666667,19,BatchInference,5.0,base.q1.sched.s20260908,q1,RegionD,1472
36729,RegionC,RegionC,2388,2388.0,2394.4166666666665,6.416666666666667,9,BatchInference,5.0,base.q1.sched.s20260908,q1,RegionC,540
42007,RegionA,RegionA,2388,2388.0,2390.733333333333,2.7333333333333334,21,BatchInference,5.0,base.q1.sched.s20260908,q1,RegionA,630
20403,RegionD,RegionD,2388,2388.0,2391.983333333333,3.9833333333333334,14,BatchInference,5.0,base.q1.sched.s20260908,q1,RegionD,1472
583,RegionA,RegionA,2388,2388.0,2391.9166666666665,3.9166666666666665,12,BatchInference,5.0,base.q1.sched.s20260908,q1,RegionA,630
18061,RegionC,RegionC,2388,2388.0,2393.0666666666666,5.066666666666666,9,BatchInference,5.0,base.q1.sched.s20260908,q1,RegionC,540
45156,RegionA,RegionA,2388,2388.0,2393.0333333333333,5.033333333333333,9,BatchInference,5.0,base.q1.sched.s20260908,q1,RegionA,630
42663,RegionA,RegionA,2388,2388.0,2394.233333333333,6.233333333333333,7,BatchInference,5.0,base.q1.sched.s20260908,q1,RegionA,630
40539,RegionB,RegionB,2388,2388.0,2390.2,2.2,10,BatchInference,5.0,base.q1.sched.s20260908,q1,RegionB,585
43463,RegionA,RegionA,2388,2388.0,2389.3333333333335,1.3333333333333333,10,BatchInference,5.0,base.q1.sched.s20260908,q1,RegionA,630
6323,RegionA,RegionA,2388,2388.0,2390.366666666667,2.3666666666666667,5,BatchInference,5.0,base.q1.sched.s20260908,q1,RegionA,630
36902,RegionE,RegionE,2389,2389.0,2394.516666666667,5.516666666666667,22,BatchInference,5.0,base.q1.sched.s20260908,q1,RegionE,1012
45583,RegionB,RegionB,2389,2389.0,2394.5333333333333,5.533333333333333,13,BatchInference,5.0,base.q1.sched.s20260908,q1,RegionB,585
39318,RegionA,RegionA,2389,2389.0,2391.75,2.75,21,BatchInference,5.0,base.q1.sched.s20260908,q1,RegionA,630
16109,RegionF,RegionF,2389,2389.0,2391.9166666666665,2.9166666666666665,7,BatchInference,5.0,base.q1.sched.s20260908,q1,RegionF,966
17044,RegionC,RegionC,2389,2389.0,2389.6,0.6,6,BatchInference,5.0,base.q1.sched.s20260908,q1,RegionC,540
30199,RegionF,RegionF,2390,2390.0,2396.233333333333,6.233333333333333,15,BatchInference,5.0,base.q1.sched.s20260908,q1,RegionF,966
47967,RegionD,RegionD,2390,2390.0,2393.1833333333334,3.183333333333333,20,BatchInference,5.0,base.q1.sched.s20260908,q1,RegionD,1472
19682,RegionD,RegionD,2390,2390.0,2395.233333333333,5.233333333333333,11,BatchInference,5.0,base.q1.sched.s20260908,q1,RegionD,1472
57,RegionE,RegionE,2390,2390.0,2393.0,3.0,16,BatchInference,5.0,base.q1.sched.s20260908,q1,RegionE,1012
24572,RegionA,RegionA,2390,2390.0,2395.05,5.05,9,BatchInference,5.0,base.q1.sched.s20260908,q1,RegionA,630
39397,RegionA,RegionA,2390,2390.0,2396.4666666666667,6.466666666666667,7,BatchInference,5.0,base.q1.sched.s20260908,q1,RegionA,630
10184,RegionD,RegionD,2390,2390.0,2392.7833333333333,2.783333333333333,15,BatchInference,5.0,base.q1.sched.s20260908,q1,RegionD,1472
1136,RegionB,RegionB,2390,2390.0,2393.0333333333333,3.033333333333333,12,BatchInference,5.0,base.q1.sched.s20260908,q1,RegionB,585
165,RegionB,RegionB,2390,2390.0,2391.75,1.75,18,BatchInference,5.0,base.q1.sched.s20260908,q1,RegionB,585
4851,RegionD,RegionD,2390,2390.0,2393.8333333333335,3.8333333333333335,8,BatchInference,5.0,base.q1.sched.s20260908,q1,RegionD,1472
18367,RegionA,RegionA,2391,2391.0,2396.766666666667,5.766666666666667,19,BatchInference,5.0,base.q1.sched.s20260908,q1,RegionA,630
4113,RegionA,RegionA,2391,2391.0,2395.2,4.2,15,BatchInference,5.0,base.q1.sched.s20260908,q1,RegionA,630
45731,RegionE,RegionE,2391,2391.0,2395.2,4.2,14,BatchInference,5.0,base.q1.sched.s20260908,q1,RegionE,1012
31688,RegionF,RegionF,2391,2391.0,2392.9666666666667,1.9666666666666666,21,BatchInference,5.0,base.q1.sched.s20260908,q1,RegionF,966
18847,RegionB,RegionB,2391,2391.0,2395.516666666667,4.516666666666667,8,BatchInference,5.0,base.q1.sched.s20260908,q1,RegionB,585
33573,RegionB,RegionB,2391,2391.0,2392.4166666666665,1.4166666666666667,21,BatchInference,5.0,base.q1.sched.s20260908,q1,RegionB,585
25631,RegionD,RegionD,2392,2392.0,2396.7166666666667,4.716666666666667,18,BatchInference,5.0,base.q1.sched.s20260908,q1,RegionD,1472
18826,RegionA,RegionA,2392,2392.0,2396.5333333333333,4.533333333333333,17,BatchInference,5.0,base.q1.sched.s20260908,q1,RegionA,630
37668,RegionD,RegionD,2392,2392.0,2396.116666666667,4.116666666666666,11,BatchInference,5.0,base.q1.sched.s20260908,q1,RegionD,1472
28923,RegionC,RegionC,2392,2392.0,2393.85,1.85,14,BatchInference,5.0,base.q1.sched.s20260908,q1,RegionC,540
47787,RegionB,RegionB,2392,2392.0,2395.2166666666667,3.216666666666667,8,BatchInference,5.0,base.q1.sched.s20260908,q1,RegionB,585
315,RegionA,RegionA,2392,2392.0,2393.45,1.45,17,BatchInference,5.0,base.q1.sched.s20260908,q1,RegionA,630
27301,RegionA,RegionA,2392,2392.0,2395.2,3.2,5,BatchInference,5.0,base.q1.sched.s20260908,q1,RegionA,630
28488,RegionA,RegionA,2392,2392.0,2392.65,0.65,14,BatchInference,5.0,base.q1.sched.s20260908,q1,RegionA,630
3566,RegionE,RegionE,2392,2392.0,2392.9,0.9,9,BatchInference,5.0,base.q1.sched.s20260908,q1,RegionE,1012
43531,RegionC,RegionC,2393,2393.0,2395.4666666666667,2.466666666666667,18,BatchInference,5.0,base.q1.sched.s20260908,q1,RegionC,540
4611,RegionA,RegionA,2393,2393.0,2395.05,2.05,15,BatchInference,5.0,base.q1.sched.s20260908,q1,RegionA,630
16345,RegionF,RegionF,2393,2393.0,2396.233333333333,3.2333333333333334,9,BatchInference,5.0,base.q1.sched.s20260908,q1,RegionF,966
24477,RegionD,RegionD,2393,2393.0,2394.133333333333,1.1333333333333333,16,BatchInference,5.0,base.q1.sched.s20260908,q1,RegionD,1472
48651,RegionF,RegionF,2393,2393.0,2394.233333333333,1.2333333333333334,14,BatchInference,5.0,base.q1.sched.s20260908,q1,RegionF,966
12184,RegionD,RegionD,2393,2393.0,2393.25,0.25,5,BatchInference,5.0,base.q1.sched.s20260908,q1,RegionD,1472
14327,RegionB,RegionB,2394,2394.0,2399.55,5.55,21,BatchInference,5.0,base.q1.sched.s20260908,q1,RegionB,585
6508,RegionB,RegionB,2394,2394.0,2398.983333333333,4.983333333333333,23,BatchInference,5.0,base.q1.sched.s20260908,q1,RegionB,585
37834,RegionF,RegionF,2394,2394.0,2400.65,6.65,17,BatchInference,5.0,base.q1.sched.s20260908,q1,RegionF,966
40831,RegionE,RegionE,2394,2394.0,2399.9166666666665,5.916666666666667,17,BatchInference,5.0,base.q1.sched.s20260908,q1,RegionE,1012
11351,RegionD,RegionD,2394,2394.0,2398.35,4.35,16,BatchInference,5.0,base.q1.sched.s20260908,q1,RegionD,1472
4848,RegionB,RegionB,2394,2394.0,2397.6,3.6,17,BatchInference,5.0,base.q1.sched.s20260908,q1,RegionB,585
23381,RegionD,RegionD,2394,2394.0,2398.0,4.0,15,BatchInference,5.0,base.q1.sched.s20260908,q1,RegionD,1472
45887,RegionD,RegionD,2394,2394.0,2399.4333333333334,5.433333333333334,10,BatchInference,5.0,base.q1.sched.s20260908,q1,RegionD,1472
39468,RegionA,RegionA,2394,2394.0,2395.116666666667,1.1166666666666667,16,BatchInference,5.0,base.q1.sched.s20260908,q1,RegionA,630
42958,RegionA,RegionA,2395,2395.0,2401.016666666667,6.016666666666667,19,BatchInference,5.0,base.q1.sched.s20260908,q1,RegionA,630
45986,RegionD,RegionD,2395,2395.0,2399.1833333333334,4.183333333333334,20,BatchInference,5.0,base.q1.sched.s20260908,q1,RegionD,1472
16494,RegionD,RegionD,2395,2395.0,2397.6833333333334,2.683333333333333,22,BatchInference,5.0,base.q1.sched.s20260908,q1,RegionD,1472
8294,RegionC,RegionC,2395,2395.0,2396.0333333333333,1.0333333333333334,8,BatchInference,5.0,base.q1.sched.s20260908,q1,RegionC,540
3736,RegionD,RegionD,2396,2396.0,2402.6,6.6,19,BatchInference,5.0,base.q1.sched.s20260908,q1,RegionD,1472
30715,RegionD,RegionD,2396,2396.0,2401.3166666666666,5.316666666666666,14,BatchInference,5.0,base.q1.sched.s20260908,q1,RegionD,1472
20312,RegionD,RegionD,2396,2396.0,2400.133333333333,4.133333333333334,16,BatchInference,5.0,base.q1.sched.s20260908,q1,RegionD,1472
43993,RegionE,RegionE,2396,2396.0,2399.6666666666665,3.6666666666666665,16,BatchInference,5.0,base.q1.sched.s20260908,q1,RegionE,1012
12431,RegionB,RegionB,2396,2396.0,2399.2833333333333,3.283333333333333,17,BatchInference,5.0,base.q1.sched.s20260908,q1,RegionB,585
40505,RegionA,RegionA,2396,2396.0,2402.3333333333335,6.333333333333333,6,BatchInference,5.0,base.q1.sched.s20260908,q1,RegionA,630
10284,RegionF,RegionF,2396,2396.0,2398.2833333333333,2.283333333333333,14,BatchInference,5.0,base.q1.sched.s20260908,q1,RegionF,966
24995,RegionD,RegionD,2396,2396.0,2397.05,1.05,10,BatchInference,5.0,base.q1.sched.s20260908,q1,RegionD,1472
7874,RegionC,RegionC,2396,2396.0,2396.45,0.45,21,BatchInference,5.0,base.q1.sched.s20260908,q1,RegionC,540
10504,RegionC,RegionC,2396,2396.0,2397.15,1.15,4,BatchInference,5.0,base.q1.sched.s20260908,q1,RegionC,540
37081,RegionA,RegionA,2397,2397.0,2401.45,4.45,17,BatchInference,5.0,base.q1.sched.s20260908,q1,RegionA,630
2648,RegionE,RegionE,2397,2397.0,2400.1833333333334,3.183333333333333,19,BatchInference,5.0,base.q1.sched.s20260908,q1,RegionE,1012
20799,RegionF,RegionF,2397,2397.0,2400.4,3.4,14,BatchInference,5.0,base.q1.sched.s20260908,q1,RegionF,966
46818,RegionC,RegionC,2397,2397.0,2399.8333333333335,2.8333333333333335,16,BatchInference,5.0,base.q1.sched.s20260908,q1,RegionC,540
24255,RegionE,RegionE,2397,2397.0,2399.1,2.1,20,BatchInference,5.0,base.q1.sched.s20260908,q1,RegionE,1012
701,RegionF,RegionF,2397,2397.0,2398.75,1.75,21,BatchInference,5.0,base.q1.sched.s20260908,q1,RegionF,966
29787,RegionA,RegionA,2397,2397.0,2401.1666666666665,4.166666666666667,7,BatchInference,5.0,base.q1.sched.s20260908,q1,RegionA,630
46028,RegionA,RegionA,2397,2397.0,2398.116666666667,1.1166666666666667,22,BatchInference,5.0,base.q1.sched.s20260908,q1,RegionA,630
6392,RegionD,RegionD,2397,2397.0,2401.7833333333333,4.783333333333333,5,BatchInference,5.0,base.q1.sched.s20260908,q1,RegionD,1472
27547,RegionD,RegionD,2397,2397.0,2397.9666666666667,0.9666666666666667,17,BatchInference,5.0,base.q1.sched.s20260908,q1,RegionD,1472
34117,RegionB,RegionB,2397,2397.0,2397.6666666666665,0.6666666666666666,19,BatchInference,5.0,base.q1.sched.s20260908,q1,RegionB,585
3928,RegionF,RegionF,2397,2397.0,2400.0333333333333,3.033333333333333,4,BatchInference,5.0,base.q1.sched.s20260908,q1,RegionF,966
39629,RegionD,RegionD,2397,2397.0,2397.3166666666666,0.31666666666666665,5,BatchInference,5.0,base.q1.sched.s20260908,q1,RegionD,1472
17938,RegionE,RegionE,2398,2398.0,2402.266666666667,4.266666666666667,23,BatchInference,5.0,base.q1.sched.s20260908,q1,RegionE,1012
4418,RegionD,RegionD,2398,2398.0,2402.233333333333,4.233333333333333,11,BatchInference,5.0,base.q1.sched.s20260908,q1,RegionD,1472
8745,RegionB,RegionB,2398,2398.0,2400.1,2.1,21,BatchInference,5.0,base.q1.sched.s20260908,q1,RegionB,585
17421,RegionF,RegionF,2398,2398.0,2400.35,2.35,15,BatchInference,5.0,base.q1.sched.s20260908,q1,RegionF,966
11780,RegionF,RegionF,2398,2398.0,2398.5833333333335,0.5833333333333334,21,BatchInference,5.0,base.q1.sched.s20260908,q1,RegionF,966
22136,RegionE,RegionE,2398,2398.0,2399.3166666666666,1.3166666666666667,7,BatchInference,5.0,base.q1.sched.s20260908,q1,RegionE,1012
40966,RegionB,RegionB,2399,2399.0,2404.0833333333335,5.083333333333333,20,BatchInference,5.0,base.q1.sched.s20260908,q1,RegionB,585
46942,RegionC,RegionC,2399,2399.0,2404.7,5.7,11,BatchInference,5.0,base.q1.sched.s20260908,q1,RegionC,540
49525,RegionB,RegionB,2399,2399.0,2402.116666666667,3.1166666666666667,16,BatchInference,5.0,base.q1.sched.s20260908,q1,RegionB,585
38165,RegionB,RegionB,2399,2399.0,2403.75,4.75,10,BatchInference,5.0,base.q1.sched.s20260908,q1,RegionB,585
43786,RegionB,RegionB,2399,2399.0,2401.1,2.1,17,BatchInference,5.0,base.q1.sched.s20260908,q1,RegionB,585
44439,RegionE,RegionE,2399,2399.0,2404.616666666667,5.616666666666666,6,BatchInference,5.0,base.q1.sched.s20260908,q1,RegionE,1012
37062,RegionB,RegionB,2399,2399.0,2401.4666666666667,2.466666666666667,12,BatchInference,5.0,base.q1.sched.s20260908,q1,RegionB,585
15242,RegionE,RegionE,2399,2399.0,2403.05,4.05,7,BatchInference,5.0,base.q1.sched.s20260908,q1,RegionE,1012
11961,RegionE,RegionE,2376,2376.0,2380.1,4.1,111,AITraining,5.0,base.q1.sched.s20260908,q1,RegionE,1012
42169,RegionF,RegionF,2376,2376.0,2381.9333333333334,5.933333333333334,58,AITraining,5.0,base.q1.sched.s20260908,q1,RegionF,966
9415,RegionD,RegionD,2376,2376.0,2377.4666666666667,1.4666666666666666,119,AITraining,5.0,base.q1.sched.s20260908,q1,RegionD,1472
35335,RegionF,RegionF,2376,2376.0,2379.2166666666667,3.216666666666667,34,AITraining,5.0,base.q1.sched.s20260908,q1,RegionF,966
3809,RegionF,RegionF,2376,2376.0,2377.633333333333,1.6333333333333333,32,AITraining,5.0,base.q1.sched.s20260908,q1,RegionF,966
27509,RegionF,RegionF,2377,2377.0,2383.516666666667,6.516666666666667,113,AITraining,5.0,base.q1.sched.s20260908,q1,RegionF,966
20392,RegionF,RegionF,2377,2377.0,2382.5833333333335,5.583333333333333,110,AITraining,5.0,base.q1.sched.s20260908,q1,RegionF,966
1540,RegionF,RegionF,2377,2377.0,2381.866666666667,4.866666666666666,98,AITraining,5.0,base.q1.sched.s20260908,q1,RegionF,966
4202,RegionE,RegionE,2377,2377.0,2381.6666666666665,4.666666666666667,94,AITraining,5.0,base.q1.sched.s20260908,q1,RegionE,1012
41348,RegionE,RegionE,2377,2377.0,2382.75,5.75,71,AITraining,5.0,base.q1.sched.s20260908,q1,RegionE,1012
21384,RegionC,RegionC,2377,2377.0,2380.633333333333,3.6333333333333333,110,AITraining,5.0,base.q1.sched.s20260908,q1,RegionC,540
43690,RegionE,RegionE,2377,2377.0,2380.133333333333,3.1333333333333333,102,AITraining,5.0,base.q1.sched.s20260908,q1,RegionE,1012
23479,RegionD,RegionD,2377,2377.0,2379.1833333333334,2.183333333333333,113,AITraining,5.0,base.q1.sched.s20260908,q1,RegionD,1472
41413,RegionE,RegionE,2377,2377.0,2381.2,4.2,54,AITraining,5.0,base.q1.sched.s20260908,q1,RegionE,1012
14780,RegionD,RegionD,2377,2377.0,2381.483333333333,4.483333333333333,32,AITraining,5.0,base.q1.sched.s20260908,q1,RegionD,1472
31710,RegionD,RegionD,2377,2377.0,2378.9,1.9,64,AITraining,5.0,base.q1.sched.s20260908,q1,RegionD,1472
1055,RegionF,RegionF,2378,2378.0,2383.65,5.65,113,AITraining,5.0,base.q1.sched.s20260908,q1,RegionF,966
33418,RegionE,RegionE,2378,2378.0,2381.95,3.95,122,AITraining,5.0,base.q1.sched.s20260908,q1,RegionE,1012
29425,RegionF,RegionF,2378,2378.0,2381.883333333333,3.8833333333333333,98,AITraining,5.0,base.q1.sched.s20260908,q1,RegionF,966
36260,RegionF,RegionF,2378,2378.0,2381.483333333333,3.4833333333333334,85,AITraining,5.0,base.q1.sched.s20260908,q1,RegionF,966
17864,RegionD,RegionD,2378,2378.0,2379.7,1.7,120,AITraining,5.0,base.q1.sched.s20260908,q1,RegionD,1472
6507,RegionC,RegionC,2378,2378.0,2383.35,5.35,17,AITraining,5.0,base.q1.sched.s20260908,q1,RegionC,540
9591,RegionD,RegionD,2378,2378.0,2381.1833333333334,3.183333333333333,27,AITraining,5.0,base.q1.sched.s20260908,q1,RegionD,1472
39262,RegionE,RegionE,2378,2378.0,2378.4333333333334,0.43333333333333335,103,AITraining,5.0,base.q1.sched.s20260908,q1,RegionE,1012
46688,RegionE,RegionE,2378,2378.0,2378.4666666666667,0.4666666666666667,50,AITraining,5.0,base.q1.sched.s20260908,q1,RegionE,1012
16146,RegionE,RegionE,2378,2378.0,2378.3,0.3,60,AITraining,5.0,base.q1.sched.s20260908,q1,RegionE,1012
14419,RegionD,RegionD,2379,2379.0,2385.4333333333334,6.433333333333334,104,AITraining,5.0,base.q1.sched.s20260908,q1,RegionD,1472
31788,RegionD,RegionD,2379,2379.0,2384.8166666666666,5.816666666666666,81,AITraining,5.0,base.q1.sched.s20260908,q1,RegionD,1472
31539,RegionD,RegionD,2379,2379.0,2380.2833333333333,1.2833333333333334,103,AITraining,5.0,base.q1.sched.s20260908,q1,RegionD,1472
9845,RegionF,RegionF,2379,2379.0,2379.9166666666665,0.9166666666666666,102,AITraining,5.0,base.q1.sched.s20260908,q1,RegionF,966
7973,RegionE,RegionE,2379,2379.0,2380.116666666667,1.1166666666666667,70,AITraining,5.0,base.q1.sched.s20260908,q1,RegionE,1012
39010,RegionD,RegionD,2379,2379.0,2379.3333333333335,0.3333333333333333,86,AITraining,5.0,base.q1.sched.s20260908,q1,RegionD,1472
6052,RegionF,RegionF,2380,2380.0,2384.95,4.95,92,AITraining,5.0,base.q1.sched.s20260908,q1,RegionF,966
20964,RegionB,RegionB,2380,2380.0,2383.5,3.5,112,AITraining,5.0,base.q1.sched.s20260908,q1,RegionB,585
40898,RegionA,RegionA,2380,2380.0,2382.866666666667,2.8666666666666667,122,AITraining,5.0,base.q1.sched.s20260908,q1,RegionA,630
45172,RegionE,RegionE,2380,2380.0,2382.3333333333335,2.3333333333333335,73,AITraining,5.0,base.q1.sched.s20260908,q1,RegionE,1012
45404,RegionF,RegionF,2380,2380.0,2382.25,2.25,74,AITraining,5.0,base.q1.sched.s20260908,q1,RegionF,966
26584,RegionF,RegionF,2380,2381.0,2382.0666666666666,1.0666666666666667,125,AITraining,5.0,base.q1.sched.s20260908,q1,RegionF,966
43380,RegionD,RegionD,2380,2380.0,2381.2166666666667,1.2166666666666666,50,AITraining,5.0,base.q1.sched.s20260908,q1,RegionD,1472
30207,RegionD,RegionD,2380,2380.0,2381.55,1.55,33,AITraining,5.0,base.q1.sched.s20260908,q1,RegionD,1472
18713,RegionF,RegionF,2380,2380.0,2381.0833333333335,1.0833333333333333,38,AITraining,5.0,base.q1.sched.s20260908,q1,RegionF,966
36438,RegionB,RegionB,2380,2380.0,2381.2166666666667,1.2166666666666666,30,AITraining,5.0,base.q1.sched.s20260908,q1,RegionB,585
38738,RegionE,RegionE,2381,2381.0,2386.983333333333,5.983333333333333,85,AITraining,5.0,base.q1.sched.s20260908,q1,RegionE,1012
46280,RegionE,RegionE,2381,2381.0,2386.8,5.8,76,AITraining,5.0,base.q1.sched.s20260908,q1,RegionE,1012
42499,RegionB,RegionB,2381,2381.0,2387.1,6.1,71,AITraining,5.0,base.q1.sched.s20260908,q1,RegionB,585
31480,RegionD,RegionD,2381,2381.0,2386.016666666667,5.016666666666667,84,AITraining,5.0,base.q1.sched.s20260908,q1,RegionD,1472
20139,RegionD,RegionD,2381,2381.0,2384.4166666666665,3.4166666666666665,71,AITraining,5.0,base.q1.sched.s20260908,q1,RegionD,1472
47509,RegionF,RegionF,2381,2382.0,2384.633333333333,2.6333333333333333,71,AITraining,5.0,base.q1.sched.s20260908,q1,RegionF,966
12181,RegionC,RegionC,2381,2381.0,2383.366666666667,2.3666666666666667,68,AITraining,5.0,base.q1.sched.s20260908,q1,RegionC,540
13587,RegionD,RegionD,2381,2381.0,2387.5333333333333,6.533333333333333,23,AITraining,5.0,base.q1.sched.s20260908,q1,RegionD,1472
18720,RegionF,RegionF,2381,2382.0,2382.866666666667,0.8666666666666667,120,AITraining,5.0,base.q1.sched.s20260908,q1,RegionF,966
31191,RegionD,RegionD,2382,2382.0,2384.5833333333335,2.5833333333333335,65,AITraining,5.0,base.q1.sched.s20260908,q1,RegionD,1472
47419,RegionC,RegionC,2382,2382.0,2384.25,2.25,67,AITraining,5.0,base.q1.sched.s20260908,q1,RegionC,540
10704,RegionF,RegionF,2382,2382.0,2383.0833333333335,1.0833333333333333,110,AITraining,5.0,base.q1.sched.s20260908,q1,RegionF,966
32894,RegionF,RegionF,2382,2382.0,2383.5333333333333,1.5333333333333334,70,AITraining,5.0,base.q1.sched.s20260908,q1,RegionF,966
5845,RegionD,RegionD,2382,2382.0,2383.516666666667,1.5166666666666666,26,AITraining,5.0,base.q1.sched.s20260908,q1,RegionD,1472
22175,RegionE,RegionE,2383,2383.0,2389.516666666667,6.516666666666667,112,AITraining,5.0,base.q1.sched.s20260908,q1,RegionE,1012
34834,RegionE,RegionE,2383,2383.0,2386.616666666667,3.6166666666666667,123,AITraining,5.0,base.q1.sched.s20260908,q1,RegionE,1012
45771,RegionF,RegionF,2383,2383.0,2387.616666666667,4.616666666666666,77,AITraining,5.0,base.q1.sched.s20260908,q1,RegionF,966
12755,RegionE,RegionE,2383,2383.0,2386.05,3.05,51,AITraining,5.0,base.q1.sched.s20260908,q1,RegionE,1012
11304,RegionD,RegionD,2383,2383.0,2384.1666666666665,1.1666666666666667,112,AITraining,5.0,base.q1.sched.s20260908,q1,RegionD,1472
30900,RegionF,RegionF,2383,2383.0,2385.1833333333334,2.183333333333333,36,AITraining,5.0,base.q1.sched.s20260908,q1,RegionF,966
34377,RegionF,RegionF,2383,2383.0,2383.733333333333,0.7333333333333333,46,AITraining,5.0,base.q1.sched.s20260908,q1,RegionF,966
27109,RegionF,RegionF,2384,2384.0,2389.0,5.0,99,AITraining,5.0,base.q1.sched.s20260908,q1,RegionF,966
49968,RegionE,RegionE,2384,2384.0,2387.866666666667,3.8666666666666667,120,AITraining,5.0,base.q1.sched.s20260908,q1,RegionE,1012
44983,RegionF,RegionF,2384,2384.0,2388.983333333333,4.983333333333333,80,AITraining,5.0,base.q1.sched.s20260908,q1,RegionF,966
10306,RegionD,RegionD,2384,2384.0,2388.5333333333333,4.533333333333333,68,AITraining,5.0,base.q1.sched.s20260908,q1,RegionD,1472
34201,RegionB,RegionB,2384,2384.0,2385.9333333333334,1.9333333333333333,78,AITraining,5.0,base.q1.sched.s20260908,q1,RegionB,585
46582,RegionE,RegionE,2384,2384.0,2385.05,1.05,33,AITraining,5.0,base.q1.sched.s20260908,q1,RegionE,1012
28388,RegionF,RegionF,2385,2385.0,2389.8,4.8,85,AITraining,5.0,base.q1.sched.s20260908,q1,RegionF,966
23514,RegionF,RegionF,2385,2385.0,2388.85,3.85,76,AITraining,5.0,base.q1.sched.s20260908,q1,RegionF,966
35571,RegionF,RegionF,2385,2385.0,2387.1,2.1,111,AITraining,5.0,base.q1.sched.s20260908,q1,RegionF,966
18325,RegionF,RegionF,2385,2385.0,2388.45,3.45,58,AITraining,5.0,base.q1.sched.s20260908,q1,RegionF,966
22705,RegionE,RegionE,2385,2385.0,2387.25,2.25,80,AITraining,5.0,base.q1.sched.s20260908,q1,RegionE,1012
26590,RegionF,RegionF,2385,2385.0,2389.9166666666665,4.916666666666667,27,AITraining,5.0,base.q1.sched.s20260908,q1,RegionF,966
5277,RegionE,RegionE,2385,2385.0,2386.4666666666667,1.4666666666666666,64,AITraining,5.0,base.q1.sched.s20260908,q1,RegionE,1012
28123,RegionD,RegionD,2385,2385.0,2388.116666666667,3.1166666666666667,30,AITraining,5.0,base.q1.sched.s20260908,q1,RegionD,1472
4599,RegionD,RegionD,2385,2385.0,2387.1666666666665,2.1666666666666665,34,AITraining,5.0,base.q1.sched.s20260908,q1,RegionD,1472
43153,RegionF,RegionF,2385,2385.0,2386.3166666666666,1.3166666666666667,36,AITraining,5.0,base.q1.sched.s20260908,q1,RegionF,966
46192,RegionB,RegionB,2386,2386.0,2389.3,3.3,113,AITraining,5.0,base.q1.sched.s20260908,q1,RegionB,585
22852,RegionF,RegionF,2386,2386.0,2391.75,5.75,62,AITraining,5.0,base.q1.sched.s20260908,q1,RegionF,966
2055,RegionD,RegionD,2386,2386.0,2388.6666666666665,2.6666666666666665,116,AITraining,5.0,base.q1.sched.s20260908,q1,RegionD,1472
15694,RegionE,RegionE,2386,2386.0,2388.866666666667,2.8666666666666667,63,AITraining,5.0,base.q1.sched.s20260908,q1,RegionE,1012
22937,RegionF,RegionF,2386,2386.0,2388.2833333333333,2.283333333333333,52,AITraining,5.0,base.q1.sched.s20260908,q1,RegionF,966
10275,RegionE,RegionE,2386,2386.0,2388.0833333333335,2.0833333333333335,38,AITraining,5.0,base.q1.sched.s20260908,q1,RegionE,1012
36680,RegionF,RegionF,2387,2387.0,2392.983333333333,5.983333333333333,118,AITraining,5.0,base.q1.sched.s20260908,q1,RegionF,966
30583,RegionE,RegionE,2387,2387.0,2390.9,3.9,121,AITraining,5.0,base.q1.sched.s20260908,q1,RegionE,1012
32656,RegionE,RegionE,2387,2387.0,2392.633333333333,5.633333333333334,76,AITraining,5.0,base.q1.sched.s20260908,q1,RegionE,1012
9535,RegionE,RegionE,2387,2387.0,2392.633333333333,5.633333333333334,58,AITraining,5.0,base.q1.sched.s20260908,q1,RegionE,1012
38944,RegionC,RegionC,2387,2387.0,2390.1,3.1,91,AITraining,5.0,base.q1.sched.s20260908,q1,RegionC,540
19584,RegionE,RegionE,2387,2387.0,2392.8166666666666,5.816666666666666,43,AITraining,5.0,base.q1.sched.s20260908,q1,RegionE,1012
17181,RegionD,RegionD,2387,2387.0,2388.7,1.7,82,AITraining,5.0,base.q1.sched.s20260908,q1,RegionD,1472
27713,RegionF,RegionF,2387,2387.0,2388.5333333333333,1.5333333333333334,87,AITraining,5.0,base.q1.sched.s20260908,q1,RegionF,966
41737,RegionF,RegionF,2387,2387.0,2393.0666666666666,6.066666666666666,21,AITraining,5.0,base.q1.sched.s20260908,q1,RegionF,966
36369,RegionE,RegionE,2387,2387.0,2388.633333333333,1.6333333333333333,70,AITraining,5.0,base.q1.sched.s20260908,q1,RegionE,1012
31709,RegionD,RegionD,2387,2387.0,2389.4666666666667,2.466666666666667,44,AITraining,5.0,base.q1.sched.s20260908,q1,RegionD,1472
21356,RegionF,RegionF,2388,2388.0,2393.133333333333,5.133333333333334,125,AITraining,5.0,base.q1.sched.s20260908,q1,RegionF,966
1264,RegionF,RegionF,2388,2388.0,2392.7,4.7,113,AITraining,5.0,base.q1.sched.s20260908,q1,RegionF,966
27293,RegionF,RegionF,2388,2388.0,2393.3333333333335,5.333333333333333,50,AITraining,5.0,base.q1.sched.s20260908,q1,RegionF,966
21837,RegionD,RegionD,2388,2388.0,2392.266666666667,4.266666666666667,59,AITraining,5.0,base.q1.sched.s20260908,q1,RegionD,1472
43266,RegionA,RegionA,2388,2388.0,2388.983333333333,0.9833333333333333,103,AITraining,5.0,base.q1.sched.s20260908,q1,RegionA,630
17991,RegionF,RegionF,2388,2389.0,2391.266666666667,2.2666666666666666,26,AITraining,5.0,base.q1.sched.s20260908,q1,RegionF,966
35545,RegionF,RegionF,2388,2389.0,2390.383333333333,1.3833333333333333,31,AITraining,5.0,base.q1.sched.s20260908,q1,RegionF,966
23936,RegionD,RegionD,2389,2389.0,2392.8333333333335,3.8333333333333335,127,AITraining,5.0,base.q1.sched.s20260908,q1,RegionD,1472
14749,RegionE,RegionE,2389,2389.0,2392.15,3.15,97,AITraining,5.0,base.q1.sched.s20260908,q1,RegionE,1012
13747,RegionF,RegionF,2389,2389.0,2395.6,6.6,41,AITraining,5.0,base.q1.sched.s20260908,q1,RegionF,966
5727,RegionD,RegionD,2389,2389.0,2391.3166666666666,2.316666666666667,82,AITraining,5.0,base.q1.sched.s20260908,q1,RegionD,1472
33779,RegionE,RegionE,2389,2389.0,2394.1,5.1,31,AITraining,5.0,base.q1.sched.s20260908,q1,RegionE,1012
34647,RegionB,RegionB,2389,2389.0,2391.3,2.3,59,AITraining,5.0,base.q1.sched.s20260908,q1,RegionB,585
47013,RegionD,RegionD,2389,2389.0,2389.1666666666665,0.16666666666666666,67,AITraining,5.0,base.q1.sched.s20260908,q1,RegionD,1472
46424,RegionD,RegionD,2390,2390.0,2396.0666666666666,6.066666666666666,120,AITraining,5.0,base.q1.sched.s20260908,q1,RegionD,1472
16513,RegionE,RegionE,2390,2390.0,2395.8333333333335,5.833333333333333,107,AITraining,5.0,base.q1.sched.s20260908,q1,RegionE,1012
3782,RegionE,RegionE,2390,2390.0,2395.766666666667,5.766666666666667,89,AITraining,5.0,base.q1.sched.s20260908,q1,RegionE,1012
17233,RegionD,RegionD,2390,2390.0,2393.8,3.8,122,AITraining,5.0,base.q1.sched.s20260908,q1,RegionD,1472
15675,RegionF,RegionF,2390,2390.0,2392.983333333333,2.9833333333333334,87,AITraining,5.0,base.q1.sched.s20260908,q1,RegionF,966
2167,RegionD,RegionD,2390,2390.0,2394.15,4.15,57,AITraining,5.0,base.q1.sched.s20260908,q1,RegionD,1472
8760,RegionE,RegionE,2390,2390.0,2394.5833333333335,4.583333333333333,44,AITraining,5.0,base.q1.sched.s20260908,q1,RegionE,1012
29364,RegionE,RegionE,2390,2390.0,2391.2833333333333,1.2833333333333334,111,AITraining,5.0,base.q1.sched.s20260908,q1,RegionE,1012
26136,RegionE,RegionE,2390,2390.0,2390.866666666667,0.8666666666666667,120,AITraining,5.0,base.q1.sched.s20260908,q1,RegionE,1012
25795,RegionE,RegionE,2390,2390.0,2391.7166666666667,1.7166666666666666,46,AITraining,5.0,base.q1.sched.s20260908,q1,RegionE,1012
25763,RegionE,RegionE,2391,2391.0,2395.8333333333335,4.833333333333333,114,AITraining,5.0,base.q1.sched.s20260908,q1,RegionE,1012
6876,RegionD,RegionD,2391,2391.0,2397.5,6.5,52,AITraining,5.0,base.q1.sched.s20260908,q1,RegionD,1472
4930,RegionE,RegionE,2391,2391.0,2396.866666666667,5.866666666666666,50,AITraining,5.0,base.q1.sched.s20260908,q1,RegionE,1012
13836,RegionD,RegionD,2391,2391.0,2397.4,6.4,40,AITraining,5.0,base.q1.sched.s20260908,q1,RegionD,1472
17898,RegionE,RegionE,2391,2391.0,2393.65,2.65,78,AITraining,5.0,base.q1.sched.s20260908,q1,RegionE,1012
30452,RegionE,RegionE,2391,2391.0,2394.3,3.3,55,AITraining,5.0,base.q1.sched.s20260908,q1,RegionE,1012
38937,RegionB,RegionB,2391,2391.0,2396.266666666667,5.266666666666667,31,AITraining,5.0,base.q1.sched.s20260908,q1,RegionB,585
41410,RegionB,RegionB,2391,2391.0,2397.5666666666666,6.566666666666666,23,AITraining,5.0,base.q1.sched.s20260908,q1,RegionB,585
31011,RegionF,RegionF,2391,2391.0,2393.016666666667,2.0166666666666666,58,AITraining,5.0,base.q1.sched.s20260908,q1,RegionF,966
12397,RegionA,RegionA,2391,2391.0,2391.616666666667,0.6166666666666667,101,AITraining,5.0,base.q1.sched.s20260908,q1,RegionA,630
27637,RegionD,RegionD,2391,2391.0,2391.516666666667,0.5166666666666667,50,AITraining,5.0,base.q1.sched.s20260908,q1,RegionD,1472
17673,RegionD,RegionD,2392,2392.0,2398.616666666667,6.616666666666666,124,AITraining,5.0,base.q1.sched.s20260908,q1,RegionD,1472
47090,RegionF,RegionF,2392,2392.0,2397.2166666666667,5.216666666666667,98,AITraining,5.0,base.q1.sched.s20260908,q1,RegionF,966
19387,RegionE,RegionE,2392,2392.0,2395.766666666667,3.7666666666666666,104,AITraining,5.0,base.q1.sched.s20260908,q1,RegionE,1012
38208,RegionF,RegionF,2392,2392.0,2393.766666666667,1.7666666666666666,122,AITraining,5.0,base.q1.sched.s20260908,q1,RegionF,966
1371,RegionC,RegionC,2392,2392.0,2397.5833333333335,5.583333333333333,18,AITraining,5.0,base.q1.sched.s20260908,q1,RegionC,540
2517,RegionF,RegionF,2392,2392.0,2394.733333333333,2.7333333333333334,30,AITraining,5.0,base.q1.sched.s20260908,q1,RegionF,966
8915,RegionD,RegionD,2392,2392.0,2392.8166666666666,0.8166666666666667,97,AITraining,5.0,base.q1.sched.s20260908,q1,RegionD,1472
28664,RegionF,RegionF,2393,2393.0,2399.25,6.25,96,AITraining,5.0,base.q1.sched.s20260908,q1,RegionF,966
16699,RegionF,RegionF,2393,2393.0,2394.7,1.7,127,AITraining,5.0,base.q1.sched.s20260908,q1,RegionF,966
41990,RegionD,RegionD,2393,2393.0,2393.4166666666665,0.4166666666666667,22,AITraining,5.0,base.q1.sched.s20260908,q1,RegionD,1472
14619,RegionF,RegionF,2394,2394.0,2400.616666666667,6.616666666666666,117,AITraining,5.0,base.q1.sched.s20260908,q1,RegionF,966
15921,RegionD,RegionD,2394,2394.0,2397.9166666666665,3.9166666666666665,127,AITraining,5.0,base.q1.sched.s20260908,q1,RegionD,1472
6438,RegionE,RegionE,2394,2394.0,2398.95,4.95,98,AITraining,5.0,base.q1.sched.s20260908,q1,RegionE,1012
31076,RegionE,RegionE,2394,2394.0,2400.366666666667,6.366666666666666,67,AITraining,5.0,base.q1.sched.s20260908,q1,RegionE,1012
39669,RegionE,RegionE,2394,2394.0,2398.5333333333333,4.533333333333333,77,AITraining,5.0,base.q1.sched.s20260908,q1,RegionE,1012
42018,RegionF,RegionF,2394,2394.0,2397.5666666666666,3.566666666666667,64,AITraining,5.0,base.q1.sched.s20260908,q1,RegionF,966
21451,RegionD,RegionD,2394,2394.0,2398.2166666666667,4.216666666666667,34,AITraining,5.0,base.q1.sched.s20260908,q1,RegionD,1472
13376,RegionD,RegionD,2394,2394.0,2396.383333333333,2.3833333333333333,53,AITraining,5.0,base.q1.sched.s20260908,q1,RegionD,1472
41146,RegionF,RegionF,2394,2394.0,2395.7166666666667,1.7166666666666666,57,AITraining,5.0,base.q1.sched.s20260908,q1,RegionF,966
56,RegionE,RegionE,2394,2394.0,2398.0,4.0,19,AITraining,5.0,base.q1.sched.s20260908,q1,RegionE,1012
36863,RegionF,RegionF,2394,2394.0,2394.516666666667,0.5166666666666667,101,AITraining,5.0,base.q1.sched.s20260908,q1,RegionF,966
7372,RegionF,RegionF,2395,2395.0,2399.1,4.1,104,AITraining,5.0,base.q1.sched.s20260908,q1,RegionF,966
5435,RegionE,RegionE,2395,2395.0,2397.95,2.95,116,AITraining,5.0,base.q1.sched.s20260908,q1,RegionE,1012
49640,RegionE,RegionE,2395,2395.0,2399.05,4.05,54,AITraining,5.0,base.q1.sched.s20260908,q1,RegionE,1012
24073,RegionB,RegionB,2395,2395.0,2396.5333333333333,1.5333333333333334,110,AITraining,5.0,base.q1.sched.s20260908,q1,RegionB,585
46011,RegionE,RegionE,2395,2395.0,2396.9666666666667,1.9666666666666666,66,AITraining,5.0,base.q1.sched.s20260908,q1,RegionE,1012
22576,RegionF,RegionF,2395,2395.0,2398.0833333333335,3.0833333333333335,16,AITraining,5.0,base.q1.sched.s20260908,q1,RegionF,966
32241,RegionD,RegionD,2395,2395.0,2395.233333333333,0.23333333333333334,112,AITraining,5.0,base.q1.sched.s20260908,q1,RegionD,1472
6767,RegionF,RegionF,2395,2395.0,2395.7,0.7,29,AITraining,5.0,base.q1.sched.s20260908,q1,RegionF,966
39773,RegionE,RegionE,2395,2395.0,2395.5666666666666,0.5666666666666667,33,AITraining,5.0,base.q1.sched.s20260908,q1,RegionE,1012
46184,RegionF,RegionF,2396,2396.0,2402.5,6.5,99,AITraining,5.0,base.q1.sched.s20260908,q1,RegionF,966
38786,RegionA,RegionA,2396,2396.0,2402.633333333333,6.633333333333334,95,AITraining,5.0,base.q1.sched.s20260908,q1,RegionA,630
14844,RegionB,RegionB,2396,2396.0,2400.15,4.15,51,AITraining,5.0,base.q1.sched.s20260908,q1,RegionB,585
14578,RegionE,RegionE,2396,2396.0,2402.25,6.25,31,AITraining,5.0,base.q1.sched.s20260908,q1,RegionE,1012
27964,RegionD,RegionD,2396,2396.0,2402.4166666666665,6.416666666666667,25,AITraining,5.0,base.q1.sched.s20260908,q1,RegionD,1472
14868,RegionF,RegionF,2396,2396.0,2402.45,6.45,22,AITraining,5.0,base.q1.sched.s20260908,q1,RegionF,966
28753,RegionE,RegionE,2396,2396.0,2397.75,1.75,74,AITraining,5.0,base.q1.sched.s20260908,q1,RegionE,1012
48837,RegionD,RegionD,2396,2396.0,2399.85,3.85,23,AITraining,5.0,base.q1.sched.s20260908,q1,RegionD,1472
37857,RegionD,RegionD,2396,2396.0,2397.9166666666665,1.9166666666666667,42,AITraining,5.0,base.q1.sched.s20260908,q1,RegionD,1472
36157,RegionD,RegionD,2396,2396.0,2396.7833333333333,0.7833333333333333,86,AITraining,5.0,base.q1.sched.s20260908,q1,RegionD,1472
15916,RegionE,RegionE,2397,2397.0,2400.383333333333,3.3833333333333333,81,AITraining,5.0,base.q1.sched.s20260908,q1,RegionE,1012
49550,RegionA,RegionA,2397,2397.0,2399.0,2.0,120,AITraining,5.0,base.q1.sched.s20260908,q1,RegionA,630
21730,RegionF,RegionF,2397,2397.0,2401.8166666666666,4.816666666666666,49,AITraining,5.0,base.q1.sched.s20260908,q1,RegionF,966
47435,RegionE,RegionE,2397,2397.0,2403.516666666667,6.516666666666667,28,AITraining,5.0,base.q1.sched.s20260908,q1,RegionE,1012
49575,RegionF,RegionF,2397,2397.0,2400.2166666666667,3.216666666666667,27,AITraining,5.0,base.q1.sched.s20260908,q1,RegionF,966
38408,RegionD,RegionD,2397,2397.0,2399.2833333333333,2.283333333333333,37,AITraining,5.0,base.q1.sched.s20260908,q1,RegionD,1472
49609,RegionA,RegionA,2397,2397.0,2398.1666666666665,1.1666666666666667,38,AITraining,5.0,base.q1.sched.s20260908,q1,RegionA,630
9572,RegionD,RegionD,2398,2398.0,2404.0666666666666,6.066666666666666,123,AITraining,5.0,base.q1.sched.s20260908,q1,RegionD,1472
19289,RegionE,RegionE,2398,2398.0,2404.016666666667,6.016666666666667,121,AITraining,5.0,base.q1.sched.s20260908,q1,RegionE,1012
43423,RegionF,RegionF,2398,2398.0,2403.5,5.5,122,AITraining,5.0,base.q1.sched.s20260908,q1,RegionF,966
46823,RegionD,RegionD,2398,2398.0,2400.983333333333,2.9833333333333334,109,AITraining,5.0,base.q1.sched.s20260908,q1,RegionD,1472
33770,RegionD,RegionD,2398,2398.0,2400.3333333333335,2.3333333333333335,88,AITraining,5.0,base.q1.sched.s20260908,q1,RegionD,1472
37758,RegionD,RegionD,2398,2398.0,2402.7833333333333,4.783333333333333,25,AITraining,5.0,base.q1.sched.s20260908,q1,RegionD,1472
2473,RegionC,RegionC,2398,2398.0,2403.8333333333335,5.833333333333333,16,AITraining,5.0,base.q1.sched.s20260908,q1,RegionC,540
23421,RegionE,RegionE,2398,2398.0,2402.4,4.4,19,AITraining,5.0,base.q1.sched.s20260908,q1,RegionE,1012
4353,RegionE,RegionE,2398,2398.0,2401.7,3.7,21,AITraining,5.0,base.q1.sched.s20260908,q1,RegionE,1012
48528,RegionD,RegionD,2398,2398.0,2399.516666666667,1.5166666666666666,36,AITraining,5.0,base.q1.sched.s20260908,q1,RegionD,1472
30449,RegionB,RegionB,2398,2398.0,2398.266666666667,0.26666666666666666,44,AITraining,5.0,base.q1.sched.s20260908,q1,RegionB,585
38894,RegionE,RegionE,2399,2399.0,2405.15,6.15,115,AITraining,5.0,base.q1.sched.s20260908,q1,RegionE,1012
48579,RegionF,RegionF,2399,2399.0,2401.5,2.5,119,AITraining,5.0,base.q1.sched.s20260908,q1,RegionF,966
7857,RegionF,RegionF,2399,2399.0,2400.2833333333333,1.2833333333333334,115,AITraining,5.0,base.q1.sched.s20260908,q1,RegionF,966
42578,RegionC,RegionC,2399,2399.0,2402.9166666666665,3.9166666666666665,37,AITraining,5.0,base.q1.sched.s20260908,q1,RegionC,540
1455,RegionF,RegionF,2399,2399.0,2401.733333333333,2.7333333333333334,37,AITraining,5.0,base.q1.sched.s20260908,q1,RegionF,966
